0,1,2,3,4,5,6,7,8,9,10,11,12,13,14,15,16,17,18,19,20,21,22,23,24,25,26,27,28,29,30,31,32
England,Nsp2: ORF1a/ORF1ab at 216: S->S,Nsp3: ORF1a/ORF1ab at 924: F->F,Nsp3: ORF1a/ORF1ab at 1001: T->I,Nsp3: ORF1a/ORF1ab at 1708: A->D,Nsp3: ORF1a/ORF1ab at 1907: F->F,Nsp3: ORF1a/ORF1ab at 2230: I->T,Nsp12: ORF1ab at 4715: P->L,Nsp12: ORF1ab at 4804: P->P,Nsp12: ORF1ab at 5005: H->H,Nsp12: ORF1ab at 5304: T->T,ORF2 at 501: N->Y,ORF2 at 570: A->D,ORF2 at 614: D->G,ORF2 at 681: P->H,ORF2 at 716: T->I,ORF2 at 982: S->A,ORF2 at 1118: D->H,ORF8 at 52: R->I,ORF8 at 73: Y->C,ORF9 at 3: D->L,ORF9 at 203: R->K,ORF9 at 204: G->R,ORF9 at 235: S->F,,,,,,,,,
South Africa,Nsp2: ORF1a/ORF1ab at 265: T->I,Nsp3: ORF1a/ORF1ab at 924: F->F,Nsp3: ORF1a/ORF1ab at 1655: K->N,Nsp4: ORF1a/ORF1ab at 2799: H->Y,Nsp4: ORF1a/ORF1ab at 2900: S->L,Nsp5: ORF1a/ORF1ab at 3353: K->R,Nsp6: ORF1a/ORF1ab at 3655: M->I,Nsp12: ORF1ab at 4715: P->L,Nsp12: ORF1ab at 4887: V->V,ORF2 at 80: D->A,ORF2 at 246: R->I,ORF2 at 417: K->N,ORF2 at 484: E->K,ORF2 at 501: N->Y,ORF2 at 614: D->G,ORF2 at 701: A->V,ORF3a at 57: Q->H,ORF3a at 171: S->L,ORF4 at 71: P->L,ORF8 at 120: F->F,ORF9 at 205: T->I,,,,,,,,,,,
Brazil,Nsp1: ORF1a/ORF1ab at 156: D->D,Nsp3: ORF1a/ORF1ab at 828: D->D,Nsp3: ORF1a/ORF1ab at 924: F->F,Nsp3: ORF1a/ORF1ab at 1188: S->L,Nsp3: ORF1a/ORF1ab at 1795: K->Q,Nsp3: ORF1a/ORF1ab at 2018: P->P,Nsp3: ORF1a/ORF1ab at 2116: V->V,Nsp9: ORF1a/ORF1ab at 4171: Y->Y,Nsp12: ORF1ab at 4532: D->D,Nsp12: ORF1ab at 4715: P->L,Nsp13: ORF1ab at 5665: E->D,ORF2 at 18: L->F,ORF2 at 20: T->N,ORF2 at 26: P->S,ORF2 at 138: D->Y,ORF2 at 190: R->S,ORF2 at 417: K->T,ORF2 at 484: E->K,ORF2 at 501: N->Y,ORF2 at 614: D->G,ORF2 at 655: H->Y,ORF2 at 1027: T->I,ORF2 at 1176: V->F,ORF3a at 253: S->P,ORF8 at 92: E->K,ORF9 at 80: P->R,ORF9 at 202: S->S,ORF9 at 203: R->K,ORF9 at 204: G->R,,,
MV19,Nsp2: ORF1a/ORF1ab at 265: T->I,Nsp2: ORF1a/ORF1ab at 710: V->V,Nsp2: ORF1a/ORF1ab at 778: L->L,Nsp3: ORF1a/ORF1ab at 924: F->F,Nsp4: ORF1a/ORF1ab at 2894: N->N,Nsp8: ORF1a/ORF1ab at 3945: A->A,Nsp9: ORF1a/ORF1ab at 4205: I->V,Nsp12: ORF1ab at 4715: P->L,Nsp13: ORF1ab at 5584: D->Y,ORF2 at 13: S->I,ORF2 at 152: W->C,ORF2 at 452: L->R,ORF2 at 614: D->G,ORF2 at 929: S->S,ORF3a at 57: Q->H,ORF5 at 53: F->F,ORF9 at 205: T->I,ORF9 at 363: F->F,,,,,,,,,,,,,,
MV23,Nsp2: ORF1a/ORF1ab at 265: T->I,Nsp2: ORF1a/ORF1ab at 710: V->V,Nsp2: ORF1a/ORF1ab at 778: L->L,Nsp3: ORF1a/ORF1ab at 924: F->F,Nsp4: ORF1a/ORF1ab at 2894: N->N,Nsp8: ORF1a/ORF1ab at 3945: A->A,Nsp9: ORF1a/ORF1ab at 4205: I->V,Nsp12: ORF1ab at 4715: P->L,Nsp13: ORF1ab at 5584: D->Y,ORF2 at 13: S->I,ORF2 at 152: W->C,ORF2 at 452: L->R,ORF2 at 614: D->G,ORF2 at 929: S->S,ORF3a at 57: Q->H,ORF5 at 53: F->F,ORF8 at 100: V->L,ORF9 at 205: T->I,ORF9 at 234: M->I,ORF9 at 363: F->F,,,,,,,,,,,,
MV33,Nsp2: ORF1a/ORF1ab at 265: T->I,Nsp2: ORF1a/ORF1ab at 710: V->V,Nsp2: ORF1a/ORF1ab at 778: L->L,Nsp3: ORF1a/ORF1ab at 924: F->F,Nsp4: ORF1a/ORF1ab at 2894: N->N,Nsp8: ORF1a/ORF1ab at 3945: A->A,Nsp9: ORF1a/ORF1ab at 4205: I->V,Nsp12: ORF1ab at 4715: P->L,Nsp13: ORF1ab at 5584: D->Y,ORF2 at 13: S->I,ORF2 at 26: P->S,ORF2 at 152: W->C,ORF2 at 452: L->R,ORF2 at 614: D->G,ORF2 at 929: S->S,ORF3a at 57: Q->H,ORF5 at 53: F->F,ORF9 at 205: T->I,ORF9 at 363: F->F,,,,,,,,,,,,,
EPI_ISL_475633,Nsp3: ORF1a/ORF1ab at 924: F->F,Nsp12: ORF1ab at 4715: P->L,ORF2 at 614: D->G,,,,,,,,,,,,,,,,,,,,,,,,,,,,,
MV1,Nsp3: ORF1a/ORF1ab at 924: F->F,Nsp12: ORF1ab at 4715: P->L,ORF2 at 614: D->G,ORF3a at 57: Q->H,,,,,,,,,,,,,,,,,,,,,,,,,,,,
MV72,Nsp1: ORF1a/ORF1ab at 75: D->E,Nsp3: ORF1a/ORF1ab at 971: P->L,Nsp4: ORF1a/ORF1ab at 2839: S->S,Nsp14: ORF1ab at 6158: F->L,ORF2 at 824: N->N,ORF5 at 69: A->A,ORF8 at 62: V->L,ORF8 at 84: L->S,,,,,,,,,,,,,,,,,,,,,,,,
MV58,Nsp4: ORF1a/ORF1ab at 2839: S->S,ORF8 at 84: L->S,,,,,,,,,,,,,,,,,,,,,,,,,,,,,,
MV52,Nsp4: ORF1a/ORF1ab at 2839: S->S,Nsp14: ORF1ab at 5932: L->L,ORF8 at 84: L->S,,,,,,,,,,,,,,,,,,,,,,,,,,,,,
MV137,ORF8 at 84: L->S,,,,,,,,,,,,,,,,,,,,,,,,,,,,,,,
EPI_ISL_940900,Nsp3: ORF1a/ORF1ab at 924: F->F,Nsp12: ORF1ab at 4715: P->L,ORF2 at 614: D->G,ORF9 at 203: R->K,ORF9 at 204: G->R,,,,,,,,,,,,,,,,,,,,,,,,,,,
MV79,Nsp2: ORF1a/ORF1ab at 224: T->I,Nsp2: ORF1a/ORF1ab at 693: I->V,Nsp3: ORF1a/ORF1ab at 924: F->F,Nsp3: ORF1a/ORF1ab at 998: Q->H,Nsp6: ORF1a/ORF1ab at 3776: L->F,Nsp12: ORF1ab at 4715: P->L,Nsp13: ORF1ab at 5620: A->S,Nsp14: ORF1ab at 6028: T->T,ORF2 at 614: D->G,ORF3a at 226: E->G,ORF9 at 203: R->K,ORF9 at 204: G->R,,,,,,,,,,,,,,,,,,,,
EPI_ISL_475632,Nsp1: ORF1a/ORF1ab at 16: L->L,Nsp3: ORF1a/ORF1ab at 924: F->F,Nsp12: ORF1ab at 4715: P->L,ORF2 at 614: D->G,ORF9 at 203: R->K,ORF9 at 204: G->R,,,,,,,,,,,,,,,,,,,,,,,,,,
EPI_ISL_677673,Nsp2: ORF1a/ORF1ab at 265: T->I,Nsp3: ORF1a/ORF1ab at 924: F->F,Nsp12: ORF1ab at 4715: P->L,ORF2 at 614: D->G,ORF3a at 57: Q->H,,,,,,,,,,,,,,,,,,,,,,,,,,,
EPI_ISL_593478,Nsp2: ORF1a/ORF1ab at 265: T->I,Nsp2: ORF1a/ORF1ab at 357: C->C,Nsp3: ORF1a/ORF1ab at 924: F->F,Nsp3: ORF1a/ORF1ab at 2557: A->A,Nsp12: ORF1ab at 4715: P->L,Nsp13: ORF1ab at 5439: T->I,ORF2 at 614: D->G,ORF3a at 57: Q->H,ORF7b at 42: H->H,,,,,,,,,,,,,,,,,,,,,,,
EPI_ISL_475639,Nsp2: ORF1a/ORF1ab at 265: T->I,Nsp3: ORF1a/ORF1ab at 924: F->F,Nsp12: ORF1ab at 4715: P->L,ORF2 at 614: D->G,ORF3a at 57: Q->H,ORF9 at 327: S->L,,,,,,,,,,,,,,,,,,,,,,,,,,
EPI_ISL_631724,Nsp2: ORF1a/ORF1ab at 265: T->I,Nsp3: ORF1a/ORF1ab at 924: F->F,Nsp12: ORF1ab at 4715: P->L,ORF2 at 614: D->G,ORF3a at 57: Q->H,Nsp1: ORF10 at 19: C->C,,,,,,,,,,,,,,,,,,,,,,,,,,
MV2,Nsp2: ORF1a/ORF1ab at 265: T->I,Nsp2: ORF1a/ORF1ab at 551: T->I,Nsp3: ORF1a/ORF1ab at 924: F->F,Nsp12: ORF1ab at 4715: P->L,ORF2 at 614: D->G,ORF3a at 57: Q->H,,,,,,,,,,,,,,,,,,,,,,,,,,
EPI_ISL_436946,Nsp2: ORF1a/ORF1ab at 265: T->I,Nsp3: ORF1a/ORF1ab at 924: F->F,Nsp12: ORF1ab at 4715: P->L,ORF2 at 614: D->G,ORF3a at 57: Q->H,ORF8 at 24: S->L,,,,,,,,,,,,,,,,,,,,,,,,,,
EPI_ISL_463295,Nsp2: ORF1a/ORF1ab at 190: F->L,Nsp2: ORF1a/ORF1ab at 265: T->I,Nsp3: ORF1a/ORF1ab at 924: F->F,Nsp12: ORF1ab at 4715: P->L,ORF2 at 614: D->G,ORF3a at 57: Q->H,ORF8 at 24: S->L,,,,,,,,,,,,,,,,,,,,,,,,,
EPI_ISL_436944,Nsp2: ORF1a/ORF1ab at 265: T->I,Nsp3: ORF1a/ORF1ab at 924: F->F,Nsp5: ORF1a/ORF1ab at 3308: T->I,Nsp12: ORF1ab at 4715: P->L,ORF2 at 614: D->G,ORF2 at 1140: P->P,ORF3a at 57: Q->H,ORF8 at 24: S->L,,,,,,,,,,,,,,,,,,,,,,,,
EPI_ISL_940958,Nsp2: ORF1a/ORF1ab at 190: F->L,Nsp2: ORF1a/ORF1ab at 265: T->I,Nsp3: ORF1a/ORF1ab at 924: F->F,Nsp3: ORF1a/ORF1ab at 1749: N->N,Nsp3: ORF1a/ORF1ab at 2092: H->H,Nsp4: ORF1a/ORF1ab at 3084: L->L,Nsp6: ORF1a/ORF1ab at 3705: A->V,Nsp12: ORF1ab at 4715: P->L,Nsp13: ORF1ab at 5621: L->F,Nsp14: ORF1ab at 6304: D->A,Nsp15: ORF1ab at 6525: N->N,ORF2 at 253: D->G,ORF2 at 614: D->G,ORF3a at 44: G->V,ORF3a at 57: Q->H,ORF8 at 24: S->L,,,,,,,,,,,,,,,,
EPI_ISL_475674,Nsp1: ORF1a/ORF1ab at 38: V->V,Nsp2: ORF1a/ORF1ab at 265: T->I,Nsp3: ORF1a/ORF1ab at 924: F->F,Nsp12: ORF1ab at 4715: P->L,ORF2 at 614: D->G,ORF3a at 57: Q->H,,,,,,,,,,,,,,,,,,,,,,,,,,
EPI_ISL_525658,Nsp2: ORF1a/ORF1ab at 265: T->I,Nsp3: ORF1a/ORF1ab at 924: F->F,Nsp7: ORF1a/ORF1ab at 3884: S->L,Nsp12: ORF1ab at 4715: P->L,ORF2 at 614: D->G,ORF3a at 57: Q->H,,,,,,,,,,,,,,,,,,,,,,,,,,
EPI_ISL_475590,Nsp2: ORF1a/ORF1ab at 265: T->I,Nsp3: ORF1a/ORF1ab at 924: F->F,Nsp7: ORF1a/ORF1ab at 3884: S->L,Nsp12: ORF1ab at 4715: P->L,Nsp14: ORF1ab at 6245: A->V,ORF2 at 614: D->G,ORF3a at 57: Q->H,,,,,,,,,,,,,,,,,,,,,,,,,
MV145,Nsp2: ORF1a/ORF1ab at 265: T->I,Nsp3: ORF1a/ORF1ab at 924: F->F,Nsp7: ORF1a/ORF1ab at 3884: S->L,Nsp12: ORF1ab at 4715: P->L,Nsp14: ORF1ab at 6245: A->V,ORF2 at 614: D->G,ORF3a at 57: Q->H,ORF8 at 120: F->F,,,,,,,,,,,,,,,,,,,,,,,,
MV32,Nsp2: ORF1a/ORF1ab at 184: R->C,Nsp3: ORF1a/ORF1ab at 924: F->F,Nsp3: ORF1a/ORF1ab at 1049: A->V,Nsp5: ORF1a/ORF1ab at 3510: V->V,Nsp12: ORF1ab at 4715: P->L,Nsp14: ORF1ab at 6063: A->V,ORF2 at 614: D->G,ORF3a at 15: L->F,ORF9 at 203: R->K,ORF9 at 204: G->R,,,,,,,,,,,,,,,,,,,,,,
MV25,Nsp2: ORF1a/ORF1ab at 265: T->I,Nsp3: ORF1a/ORF1ab at 924: F->F,Nsp5: ORF1a/ORF1ab at 3352: L->F,Nsp12: ORF1ab at 4715: P->L,Nsp14: ORF1ab at 6054: N->D,Nsp16: ORF1ab at 7014: R->C,ORF2 at 614: D->G,ORF3a at 57: Q->H,ORF3a at 172: G->V,ORF8 at 24: S->L,ORF9 at 67: P->S,ORF9 at 199: P->L,,,,,,,,,,,,,,,,,,,,
EPI_ISL_516771,Nsp2: ORF1a/ORF1ab at 265: T->I,Nsp3: ORF1a/ORF1ab at 924: F->F,Nsp3: ORF1a/ORF1ab at 2606: M->I,Nsp5: ORF1a/ORF1ab at 3352: L->F,Nsp12: ORF1ab at 4715: P->L,Nsp12: ORF1ab at 4847: Y->Y,Nsp14: ORF1ab at 6054: N->D,Nsp16: ORF1ab at 7014: R->C,ORF2 at 614: D->G,ORF3a at 57: Q->H,ORF3a at 172: G->V,ORF8 at 24: S->L,ORF9 at 67: P->S,ORF9 at 199: P->L,,,,,,,,,,,,,,,,,,
MV41,Nsp2: ORF1a/ORF1ab at 265: T->I,Nsp2: ORF1a/ORF1ab at 554: T->T,Nsp3: ORF1a/ORF1ab at 924: F->F,Nsp5: ORF1a/ORF1ab at 3352: L->F,Nsp12: ORF1ab at 4715: P->L,Nsp14: ORF1ab at 6054: N->D,Nsp16: ORF1ab at 7014: R->C,ORF2 at 231: I->I,ORF2 at 614: D->G,ORF3a at 57: Q->H,ORF3a at 172: G->V,ORF8 at 24: S->L,ORF9 at 67: P->S,ORF9 at 199: P->L,,,,,,,,,,,,,,,,,,
EPI_ISL_940918,Nsp2: ORF1a/ORF1ab at 265: T->I,Nsp3: ORF1a/ORF1ab at 924: F->F,Nsp3: ORF1a/ORF1ab at 1929: K->K,Nsp3: ORF1a/ORF1ab at 2445: C->C,Nsp5: ORF1a/ORF1ab at 3352: L->F,Nsp12: ORF1ab at 4715: P->L,Nsp15: ORF1ab at 6536: V->V,ORF2 at 614: D->G,ORF3a at 57: Q->H,ORF3a at 155: D->Y,ORF8 at 24: S->L,ORF9 at 327: S->S,ORF9 at 401: D->Y,,,,,,,,,,,,,,,,,,,
EPI_ISL_942009,Nsp2: ORF1a/ORF1ab at 265: T->I,Nsp3: ORF1a/ORF1ab at 924: F->F,Nsp3: ORF1a/ORF1ab at 1929: K->K,Nsp3: ORF1a/ORF1ab at 2470: A->A,Nsp5: ORF1a/ORF1ab at 3352: L->F,Nsp12: ORF1ab at 4715: P->L,Nsp15: ORF1ab at 6536: V->V,ORF2 at 20: T->I,ORF2 at 213: V->V,ORF2 at 614: D->G,ORF3a at 57: Q->H,ORF3a at 155: D->Y,ORF8 at 24: S->L,ORF9 at 234: M->I,ORF9 at 327: S->S,ORF9 at 401: D->Y,,,,,,,,,,,,,,,,
EPI_ISL_475585,Nsp3: ORF1a/ORF1ab at 924: F->F,Nsp12: ORF1ab at 4715: P->L,Nsp14: ORF1ab at 6205: L->L,ORF2 at 614: D->G,ORF3a at 57: Q->H,,,,,,,,,,,,,,,,,,,,,,,,,,,
MV14,Nsp2: ORF1a/ORF1ab at 265: T->I,Nsp2: ORF1a/ORF1ab at 710: V->V,Nsp2: ORF1a/ORF1ab at 778: L->L,Nsp3: ORF1a/ORF1ab at 924: F->F,Nsp4: ORF1a/ORF1ab at 2894: N->N,Nsp5: ORF1a/ORF1ab at 3459: T->M,Nsp8: ORF1a/ORF1ab at 3945: A->A,Nsp9: ORF1a/ORF1ab at 4205: I->V,Nsp12: ORF1ab at 4715: P->L,Nsp13: ORF1ab at 5584: D->Y,ORF2 at 13: S->I,ORF2 at 152: W->C,ORF2 at 452: L->R,ORF2 at 614: D->G,ORF2 at 929: S->S,ORF3a at 57: Q->H,ORF5 at 53: F->F,ORF9 at 205: T->I,ORF9 at 363: F->F,,,,,,,,,,,,,
EPI_ISL_463286,Nsp2: ORF1a/ORF1ab at 265: T->I,Nsp3: ORF1a/ORF1ab at 924: F->F,Nsp5: ORF1a/ORF1ab at 3352: L->F,Nsp12: ORF1ab at 4715: P->L,ORF2 at 614: D->G,ORF3a at 57: Q->H,ORF8 at 24: S->L,,,,,,,,,,,,,,,,,,,,,,,,,
MV24,Nsp3: ORF1a/ORF1ab at 924: F->F,Nsp12: ORF1ab at 4715: P->L,Nsp15: ORF1ab at 6668: L->L,ORF2 at 614: D->G,ORF9 at 194: S->L,,,,,,,,,,,,,,,,,,,,,,,,,,,
MV88,Nsp3: ORF1a/ORF1ab at 924: F->F,Nsp12: ORF1ab at 4715: P->L,Nsp15: ORF1ab at 6668: L->L,ORF2 at 614: D->G,ORF2 at 681: P->L,ORF9 at 194: S->L,,,,,,,,,,,,,,,,,,,,,,,,,,
MV141,Nsp3: ORF1a/ORF1ab at 924: F->F,Nsp6: ORF1a/ORF1ab at 3770: F->F,Nsp12: ORF1ab at 4715: P->L,Nsp14: ORF1ab at 6255: H->H,Nsp15: ORF1ab at 6668: L->L,ORF2 at 614: D->G,ORF9 at 194: S->L,,,,,,,,,,,,,,,,,,,,,,,,,
MV92,Nsp3: ORF1a/ORF1ab at 924: F->F,Nsp12: ORF1ab at 4715: P->L,Nsp15: ORF1ab at 6668: L->L,ORF2 at 614: D->G,ORF2 at 838: G->G,ORF9 at 194: S->L,,,,,,,,,,,,,,,,,,,,,,,,,,
MV130,Nsp3: ORF1a/ORF1ab at 924: F->F,Nsp5: ORF1a/ORF1ab at 3353: K->R,Nsp12: ORF1ab at 4715: P->L,Nsp15: ORF1ab at 6668: L->L,ORF2 at 614: D->G,ORF9 at 194: S->L,,,,,,,,,,,,,,,,,,,,,,,,,,
MV101,Nsp2: ORF1a/ORF1ab at 265: T->I,Nsp3: ORF1a/ORF1ab at 924: F->F,Nsp12: ORF1ab at 4715: P->L,Nsp13: ORF1ab at 5584: D->Y,ORF2 at 13: S->I,ORF2 at 152: W->C,ORF2 at 452: L->R,ORF2 at 614: D->G,ORF3a at 57: Q->H,ORF5 at 53: F->F,ORF9 at 205: T->I,ORF9 at 363: F->F,,,,,,,,,,,,,,,,,,,,
MV86,Nsp2: ORF1a/ORF1ab at 265: T->I,Nsp2: ORF1a/ORF1ab at 710: V->V,Nsp2: ORF1a/ORF1ab at 778: L->L,Nsp3: ORF1a/ORF1ab at 924: F->F,Nsp9: ORF1a/ORF1ab at 4205: I->V,Nsp12: ORF1ab at 4715: P->L,Nsp13: ORF1ab at 5584: D->Y,ORF2 at 13: S->I,ORF2 at 152: W->C,ORF2 at 452: L->R,ORF2 at 614: D->G,ORF2 at 929: S->S,ORF3a at 57: Q->H,ORF5 at 53: F->F,ORF9 at 205: T->I,ORF9 at 363: F->F,,,,,,,,,,,,,,,,
MV49,Nsp2: ORF1a/ORF1ab at 265: T->I,Nsp3: ORF1a/ORF1ab at 924: F->F,Nsp4: ORF1a/ORF1ab at 3158: S->T,Nsp12: ORF1ab at 4483: K->K,Nsp12: ORF1ab at 4715: P->L,Nsp13: ORF1ab at 5377: P->L,Nsp13: ORF1ab at 5584: D->Y,ORF2 at 13: S->I,ORF2 at 152: W->C,ORF2 at 452: L->R,ORF2 at 614: D->G,ORF3a at 57: Q->H,ORF5 at 53: F->F,ORF9 at 205: T->I,ORF9 at 363: F->F,,,,,,,,,,,,,,,,,
MV149 ,Nsp3: ORF1a/ORF1ab at 924: F->F,Nsp12: ORF1ab at 4715: P->L,ORF2 at 614: D->G,ORF2 at 1176: V->F,ORF9 at 203: R->K,ORF9 at 204: G->R,,,,,,,,,,,,,,,,,,,,,,,,,,
EPI_ISL_940924 ,Nsp2: ORF1a/ORF1ab at 797: E->A,Nsp3: ORF1a/ORF1ab at 924: F->F,Nsp7: ORF1a/ORF1ab at 3930: L->F,Nsp12: ORF1ab at 4715: P->L,ORF2 at 614: D->G,ORF2 at 1176: V->F,ORF9 at 203: R->K,ORF9 at 204: G->R,,,,,,,,,,,,,,,,,,,,,,,,
MV150,Nsp2: ORF1a/ORF1ab at 216: S->S,Nsp3: ORF1a/ORF1ab at 924: F->F,Nsp3: ORF1a/ORF1ab at 1001: T->I,Nsp3: ORF1a/ORF1ab at 1708: A->D,Nsp3: ORF1a/ORF1ab at 1907: F->F,Nsp3: ORF1a/ORF1ab at 2230: I->T,Nsp12: ORF1ab at 4715: P->L,Nsp12: ORF1ab at 4804: P->P,Nsp12: ORF1ab at 5005: H->H,Nsp12: ORF1ab at 5304: T->T,ORF2 at 501: N->Y,ORF2 at 570: A->D,ORF2 at 614: D->G,ORF2 at 681: P->H,ORF2 at 716: T->I,ORF2 at 982: S->A,ORF2 at 1118: D->H,ORF8 at 52: R->I,ORF8 at 73: Y->C,ORF9 at 3: D->L,ORF9 at 203: R->K,ORF9 at 204: G->R,ORF9 at 235: S->F,,,,,,,,,
EPI_ISL_824571,Nsp3: ORF1a/ORF1ab at 924: F->F,Nsp3: ORF1a/ORF1ab at 1715: L->F,Nsp3: ORF1a/ORF1ab at 1907: F->F,Nsp3: ORF1a/ORF1ab at 2091: G->G,Nsp12: ORF1ab at 4619: P->L,Nsp12: ORF1ab at 4715: P->L,Nsp13: ORF1ab at 5348: F->F,Nsp13: ORF1ab at 5374: C->C,Nsp16: ORF1ab at 6833: T->I,ORF2 at 6: V->V,ORF2 at 614: D->G,ORF3a at 223: T->I,ORF9 at 203: R->K,ORF9 at 204: G->R,Nsp1: ORF10 at 26: Y->Y,,,,,,,,,,,,,,,,,
EPI_ISL_911548,Nsp2: ORF1a/ORF1ab at 216: S->S,Nsp2: ORF1a/ORF1ab at 615: N->N,Nsp3: ORF1a/ORF1ab at 924: F->F,Nsp3: ORF1a/ORF1ab at 1001: T->I,Nsp3: ORF1a/ORF1ab at 1708: A->D,Nsp3: ORF1a/ORF1ab at 1907: F->F,Nsp3: ORF1a/ORF1ab at 2230: I->T,Nsp3: ORF1a/ORF1ab at 2573: D->D,Nsp12: ORF1ab at 4619: P->L,Nsp12: ORF1ab at 4715: P->L,Nsp12: ORF1ab at 4804: P->P,Nsp12: ORF1ab at 5005: H->H,Nsp12: ORF1ab at 5304: T->T,Nsp14: ORF1ab at 6376: P->S,ORF2 at 501: N->Y,ORF2 at 570: A->D,ORF2 at 614: D->G,ORF2 at 681: P->H,ORF2 at 716: T->I,ORF2 at 982: S->A,ORF2 at 1118: D->H,ORF8 at 52: R->I,ORF8 at 73: Y->C,ORF9 at 3: D->L,ORF9 at 203: R->K,ORF9 at 204: G->R,ORF9 at 235: S->F,,,,,
EPI_ISL_883325,Nsp2: ORF1a/ORF1ab at 216: S->S,Nsp2: ORF1a/ORF1ab at 615: N->N,Nsp3: ORF1a/ORF1ab at 924: F->F,Nsp3: ORF1a/ORF1ab at 1001: T->I,Nsp3: ORF1a/ORF1ab at 1708: A->D,Nsp3: ORF1a/ORF1ab at 1907: F->F,Nsp3: ORF1a/ORF1ab at 2230: I->T,Nsp3: ORF1a/ORF1ab at 2573: D->D,Nsp6: ORF1a/ORF1ab at 3628: F->I,Nsp12: ORF1ab at 4619: P->L,Nsp12: ORF1ab at 4715: P->L,Nsp12: ORF1ab at 4771: A->T,Nsp12: ORF1ab at 4804: P->P,Nsp12: ORF1ab at 5005: H->H,Nsp12: ORF1ab at 5304: T->T,Nsp14: ORF1ab at 6376: P->S,ORF2 at 501: N->Y,ORF2 at 570: A->D,ORF2 at 614: D->G,ORF2 at 681: P->H,ORF2 at 716: T->I,ORF2 at 982: S->A,ORF2 at 1118: D->H,ORF8 at 52: R->I,ORF8 at 73: Y->C,ORF9 at 3: D->L,ORF9 at 203: R->K,ORF9 at 204: G->R,ORF9 at 235: S->F,,,
MV67 ,Nsp2: ORF1a/ORF1ab at 216: S->S,Nsp3: ORF1a/ORF1ab at 924: F->F,Nsp3: ORF1a/ORF1ab at 1001: T->I,Nsp3: ORF1a/ORF1ab at 1708: A->D,Nsp3: ORF1a/ORF1ab at 1907: F->F,Nsp3: ORF1a/ORF1ab at 2230: I->T,Nsp12: ORF1ab at 4715: P->L,Nsp12: ORF1ab at 4804: P->P,Nsp12: ORF1ab at 5005: H->H,Nsp12: ORF1ab at 5304: T->T,ORF2 at 501: N->Y,ORF2 at 570: A->D,ORF2 at 614: D->G,ORF2 at 681: P->H,ORF2 at 716: T->I,ORF2 at 982: S->A,ORF2 at 1118: D->H,ORF8 at 52: R->I,ORF8 at 73: Y->C,ORF9 at 3: D->L,ORF9 at 203: R->K,ORF9 at 204: G->R,ORF9 at 235: S->F,,,,,,,,,
EPI_ISL_943550,Nsp2: ORF1a/ORF1ab at 216: S->S,Nsp3: ORF1a/ORF1ab at 924: F->F,Nsp3: ORF1a/ORF1ab at 1001: T->I,Nsp3: ORF1a/ORF1ab at 1545: H->H,Nsp3: ORF1a/ORF1ab at 1708: A->D,Nsp3: ORF1a/ORF1ab at 1907: F->F,Nsp3: ORF1a/ORF1ab at 2230: I->T,Nsp8: ORF1a/ORF1ab at 3966: Q->R,Nsp12: ORF1ab at 4715: P->L,Nsp12: ORF1ab at 4804: P->P,Nsp12: ORF1ab at 5005: H->H,Nsp12: ORF1ab at 5152: D->D,Nsp12: ORF1ab at 5304: T->T,Nsp13: ORF1ab at 5784: K->R,Nsp16: ORF1ab at 6958: K->R,ORF2 at 501: N->Y,ORF2 at 570: A->D,ORF2 at 614: D->G,ORF2 at 681: P->H,ORF2 at 716: T->I,ORF2 at 982: S->A,ORF2 at 1118: D->H,ORF2 at 1191: K->N,ORF8 at 52: R->I,ORF8 at 73: Y->C,ORF9 at 3: D->L,ORF9 at 203: R->K,ORF9 at 204: G->R,ORF9 at 235: S->F,ORF9 at 359: A->S,,
EPI_ISL_966310,Nsp2: ORF1a/ORF1ab at 216: S->S,Nsp3: ORF1a/ORF1ab at 924: F->F,Nsp3: ORF1a/ORF1ab at 1001: T->I,Nsp3: ORF1a/ORF1ab at 1545: H->H,Nsp3: ORF1a/ORF1ab at 1708: A->D,Nsp3: ORF1a/ORF1ab at 1907: F->F,Nsp3: ORF1a/ORF1ab at 2230: I->T,Nsp6: ORF1a/ORF1ab at 3662: R->C,Nsp8: ORF1a/ORF1ab at 3966: Q->R,Nsp12: ORF1ab at 4715: P->L,Nsp12: ORF1ab at 4804: P->P,Nsp12: ORF1ab at 5005: H->H,Nsp12: ORF1ab at 5152: D->D,Nsp12: ORF1ab at 5304: T->T,Nsp13: ORF1ab at 5366: V->V,Nsp13: ORF1ab at 5784: K->R,Nsp15: ORF1ab at 6544: A->V,Nsp16: ORF1ab at 6958: K->R,ORF2 at 501: N->Y,ORF2 at 570: A->D,ORF2 at 614: D->G,ORF2 at 681: P->H,ORF2 at 716: T->I,ORF2 at 982: S->A,ORF2 at 1118: D->H,ORF2 at 1191: K->N,ORF8 at 52: R->I,ORF8 at 73: Y->C,ORF9 at 3: D->L,ORF9 at 203: R->K,ORF9 at 204: G->R,ORF9 at 235: S->F
EPI_ISL_631762,Nsp2: ORF1a/ORF1ab at 265: T->I,Nsp3: ORF1a/ORF1ab at 924: F->F,Nsp12: ORF1ab at 4715: P->L,Nsp13: ORF1ab at 5332: C->C,ORF2 at 614: D->G,ORF3a at 57: Q->H,ORF9 at 183: S->Y,,,,,,,,,,,,,,,,,,,,,,,,,
EPI_ISL_824685,Nsp2: ORF1a/ORF1ab at 265: T->I,Nsp3: ORF1a/ORF1ab at 847: E->K,Nsp3: ORF1a/ORF1ab at 924: F->F,Nsp3: ORF1a/ORF1ab at 2057: I->V,Nsp3: ORF1a/ORF1ab at 2232: W->C,Nsp5: ORF1a/ORF1ab at 3360: K->K,Nsp5: ORF1a/ORF1ab at 3539: M->T,Nsp12: ORF1ab at 4715: P->L,Nsp12: ORF1ab at 5198: T->I,Nsp13: ORF1ab at 5332: C->C,Nsp13: ORF1ab at 5721: V->V,Nsp14: ORF1ab at 6057: D->E,Nsp16: ORF1ab at 7031: N->N,ORF2 at 614: D->G,ORF2 at 1235: C->F,ORF3a at 57: Q->H,ORF3a at 71: L->L,ORF3a at 151: T->I,ORF9 at 135: T->I,ORF9 at 183: S->Y,,,,,,,,,,,,
MV111 ,Nsp2: ORF1a/ORF1ab at 265: T->I,Nsp3: ORF1a/ORF1ab at 924: F->F,Nsp12: ORF1ab at 4715: P->L,ORF2 at 614: D->G,ORF3a at 57: Q->H,ORF9 at 205: T->I,,,,,,,,,,,,,,,,,,,,,,,,,,
EPI_ISL_824681,Nsp2: ORF1a/ORF1ab at 265: T->I,Nsp3: ORF1a/ORF1ab at 847: E->K,Nsp3: ORF1a/ORF1ab at 924: F->F,Nsp3: ORF1a/ORF1ab at 2057: I->V,Nsp3: ORF1a/ORF1ab at 2232: W->C,Nsp5: ORF1a/ORF1ab at 3360: K->K,Nsp5: ORF1a/ORF1ab at 3539: M->T,Nsp12: ORF1ab at 4715: P->L,Nsp12: ORF1ab at 5198: T->I,Nsp13: ORF1ab at 5332: C->C,Nsp13: ORF1ab at 5721: V->V,Nsp14: ORF1ab at 6057: D->E,Nsp16: ORF1ab at 7031: N->N,ORF2 at 614: D->G,ORF2 at 1235: C->F,ORF3a at 57: Q->H,ORF3a at 71: L->L,ORF3a at 151: T->I,ORF7a at 111: T->T,ORF9 at 135: T->I,ORF9 at 183: S->Y,,,,,,,,,,,
MV16 ,Nsp2: ORF1a/ORF1ab at 265: T->I,Nsp3: ORF1a/ORF1ab at 924: F->F,Nsp5: ORF1a/ORF1ab at 3352: L->F,Nsp12: ORF1ab at 4715: P->L,ORF2 at 614: D->G,ORF3a at 57: Q->H,ORF8 at 24: S->L,,,,,,,,,,,,,,,,,,,,,,,,,
MV5,Nsp4: ORF1a/ORF1ab at 2839: S->S,Nsp13: ORF1ab at 5828: P->L,Nsp13: ORF1ab at 5865: Y->C,Nsp14: ORF1ab at 5932: L->L,ORF8 at 84: L->S,,,,,,,,,,,,,,,,,,,,,,,,,,,
EPI_ISL_437433,Nsp4: ORF1a/ORF1ab at 2839: S->S,Nsp13: ORF1ab at 5828: P->L,Nsp13: ORF1ab at 5865: Y->C,Nsp14: ORF1ab at 5932: L->L,ORF2 at 1044: G->G,ORF8 at 84: L->S,ORF9 at 209: R->I,,,,,,,,,,,,,,,,,,,,,,,,,
EPI_ISL_631808,Nsp1: ORF1a/ORF1ab at 75: D->E,Nsp2: ORF1a/ORF1ab at 374: H->H,Nsp3: ORF1a/ORF1ab at 971: P->L,Nsp3: ORF1a/ORF1ab at 1925: F->F,Nsp4: ORF1a/ORF1ab at 2839: S->S,Nsp4: ORF1a/ORF1ab at 2895: I->I,Nsp8: ORF1a/ORF1ab at 4071: M->I,Nsp13: ORF1ab at 5913: S->I,Nsp14: ORF1ab at 6158: F->L,ORF2 at 824: N->N,ORF5 at 69: A->A,ORF8 at 62: V->L,ORF8 at 84: L->S,ORF9 at 208: A->G,ORF9 at 393: T->I,,,,,,,,,,,,,,,,,
